{"cameraMode":{"drawMode":0,"name":"Shaded","section":"Shading Mode"},"sceneLighting":false,"audioPlay":false,"sceneViewState":{"m_AlwaysRefresh":false,"showFog":true,"showSkybox":false,"showFlares":true,"showImageEffects":true,"showParticleSystems":true,"showVisualEffectGraphs":true,"m_FxEnabled":true},"in2DMode":false,"pivot":{"x":1.7881393432617188e-7,"y":0.8291972875595093,"z":-0.0013164877891540528},"rotation":{"x":0.0016914992593228818,"y":-0.32992830872535708,"z":0.0006263914983719587,"w":0.9439570903778076},"size":1.1121264696121216,"orthographic":false}