{"cameraMode":{"drawMode":0,"name":"Shaded","section":"Shading Mode"},"sceneLighting":false,"audioPlay":false,"sceneViewState":{"m_AlwaysRefresh":false,"showFog":true,"showSkybox":false,"showFlares":true,"showImageEffects":true,"showParticleSystems":true,"showVisualEffectGraphs":true,"m_FxEnabled":true},"in2DMode":false,"pivot":{"x":-0.08277032524347305,"y":1.1073858737945557,"z":-0.9912524223327637},"rotation":{"x":-0.013870037160813809,"y":0.9837636947631836,"z":-0.08759042620658875,"w":-0.15569129586219788},"size":1.573972463607788,"orthographic":false}